,Placement,Clicks,Impr.,Placement url
0,7654soft.com,0,10,http://7654soft.com
1,"Mobile App: 2 For 2 (iTunes App Store), by CRAZY LABS BY TABTALE , G.P.",0,6,https://itunes.apple.com/us/app/id1213354902
2,"Mobile App: 2048 (Google Play), by Androbaby",0,12,https://play.google.com/store/apps/details?id=com.androbaby.game2048
3,"Mobile App: 3D Rescue Cut - Rope Puzzle 2020 (Google Play), by Sam Soul",0,6,https://play.google.com/store/apps/details?id=com.rescuecut.ropegames.puzzlesunique.free
4,"Mobile App: 4th Talent Search | ‡§ö‡•å‡§•‡•Ä ‡§™‡•ç‡§∞‡§ú‡•ç‡§û‡§æ‡§∂‡•ã‡§ß (Google Play), by TechAid Guruji",0,6,https://play.google.com/store/apps/details?id=copy.apawc
5,"Mobile App: ABC Solitaire by SZY (iTunes App Store), by ZHONGYUAN SHEN",0,6,https://itunes.apple.com/us/app/id478557130
6,"Mobile App: ABP Live TV News - Latest Hindi, Breaking News APP (Google Play), by ABP News Network",0,18,https://play.google.com/store/apps/details?id=com.winit.starnews.hin
7,"Mobile App: AIO Phone Booster (Google Play), by AIO TEAM",0,12,https://play.google.com/store/apps/details?id=com.happymod.apk
8,"Mobile App: ASMR Slicing (Google Play), by Crazy Labs by TabTale",0,6,https://play.google.com/store/apps/details?id=com.crazylabs.asmr.cut
9,"Mobile App: AVG AntiVirus 2020 for Android Security Free (Google Play), by AVG Mobile",0,8,https://play.google.com/store/apps/details?id=com.antivirus
10,"Mobile App: AW - free video calls and chat (Google Play), by AW Inc.",0,24,https://play.google.com/store/apps/details?id=com.androidworks.videocalling
11,"Mobile App: AZ Screen Recorder - Video Recorder, Livestream (Google Play), by AZ Screen Recorder",0,6,https://play.google.com/store/apps/details?id=com.hecorat.screenrecorder.free
12,"Mobile App: Addons Creator for Minecraft PE (Google Play), by Master for Minecraft",0,6,https://play.google.com/store/apps/details?id=com.appscreat.addonsforminecraftpe
13,"Mobile App: Alarmy-Loud Alarm Sounds,Math Alarm Clock for Free (Google Play), by Alarm Clock Alarmy",0,5,https://play.google.com/store/apps/details?id=droom.sleepIfUCan
14,"Mobile App: All Document Manager-Read All Office Documents (Google Play), by Apstan Studio",0,5,https://play.google.com/store/apps/details?id=docments.reader.documentmanager.free
15,"Mobile App: All Language Translator Free: Translate App 2020 (Google Play), by XEN Studios",0,6,https://play.google.com/store/apps/details?id=com.xen.all.language.translator.free
16,"Mobile App: American Luxury and Sports Cars (Google Play), by DMNK Studio",0,8,https://play.google.com/store/apps/details?id=com.DominikKotlarUSALC
17,"Mobile App: Anandabazar Patrika - Bengali News, Official App (Google Play), by ABP Official App",0,66,https://play.google.com/store/apps/details?id=com.anandabazarpatrika
18,"Mobile App: AndhraPrabha Official App (iTunes App Store), by Goutam Mootha",0,6,https://itunes.apple.com/us/app/id996853315
19,"Mobile App: Anniversary Video Maker with Song & Music (Google Play), by Magic Bit - Particle.ly",0,6,https://play.google.com/store/apps/details?id=com.anniversarymoviemakerwithsong.photovideomaker.animationmaker
20,"Mobile App: App Lock & Photo Vault - Security Plus (Google Play), by KewlApps",0,6,https://play.google.com/store/apps/details?id=security.plus.applock.callblocker.lockscreen
21,"Mobile App: AppLock (Google Play), by KewlApps",0,12,https://play.google.com/store/apps/details?id=com.gamemalt.applocker
22,"Mobile App: AppLock (Google Play), by Lite Tools Studio",0,59,https://play.google.com/store/apps/details?id=com.litetools.applockpro
23,"Mobile App: AppLock - Advanced Protection (Google Play), by security protect",0,5,https://play.google.com/store/apps/details?id=com.Protect_Utilities.AppLock_AdvancedProtection
24,"Mobile App: Art Number Coloring - Color by Number (Google Play), by Color Joy",0,6,https://play.google.com/store/apps/details?id=com.pcoloring.art.puzzle.color.by.number
25,"Mobile App: Asianet News Official: Latest News, Live TV App (Google Play), by Asianet News Media & Entertainment Private Limited",0,6,https://play.google.com/store/apps/details?id=com.vserv.asianet
26,"Mobile App: Assamese Keyboard (Google Play), by Abbott Cullen",0,7,https://play.google.com/store/apps/details?id=com.mykeyboard.myphotokeyboard.assamesekeyboard
27,"Mobile App: Audio MP3 Cutter Mix Converter and Ringtone Maker (Google Play), by AppzCloud Technologies",0,5,https://play.google.com/store/apps/details?id=com.appzcloud.audioeditor
28,"Mobile App: Avast Antivirus ‚Äì Mobile Security & Virus Cleaner (Google Play), by Avast Software",0,5,https://play.google.com/store/apps/details?id=com.avast.android.mobilesecurity
29,"Mobile App: Awabe Translate : Translate All Languages (Google Play), by AWABE",0,5,https://play.google.com/store/apps/details?id=com.awabe.aatranslate
30,"Mobile App: Azar (Google Play), by Hyperconnect inc",0,24,https://play.google.com/store/apps/details?id=com.azarlive.android
31,"Mobile App: Background Eraser (Google Play), by handyCloset Inc.",0,34,https://play.google.com/store/apps/details?id=com.handycloset.android.eraser
32,"Mobile App: Balls Break Bricks - Fun Time Killing Game (Google Play), by Monnie Max",0,5,https://play.google.com/store/apps/details?id=com.acoin.breakbricks.balls
33,"Mobile App: Bead 16 - Sholo Guti, Sixteen Soldiers Game Online (Google Play), by Align It Games",0,5,https://play.google.com/store/apps/details?id=com.alignit.sixteenbead
34,"Mobile App: Beauty Makeup Editor: Selfie Camera, Photo Editor (Google Play), by Lyrebird Studio",0,6,https://play.google.com/store/apps/details?id=com.lyrebirdstudio.beauty
35,"Mobile App: Bible Word Cross Puzzle - Best Free Word Games (Google Play), by Fantasy Word Games",0,11,https://play.google.com/store/apps/details?id=wordcross.bible.wordscapes.word.cookies.puzzle.collect.word.games
36,"Mobile App: Bingo (Google Play), by Cross Field Inc.",0,5,https://play.google.com/store/apps/details?id=com.crossfield.casinogame_bingo
37,"Mobile App: Birdpapa - Bubble Crush (Google Play), by tomlovegame",0,6,https://play.google.com/store/apps/details?id=game.bubble.shooter.happy.bird
38,"Mobile App: Birthday Song Bit : Birthday Video Maker With Name (Google Play), by Birthday Lyrical Photo Video Maker Editor Free App",0,5,https://play.google.com/store/apps/details?id=com.photovideomaker.birthdaysongwithname.birthdaybitmusic
39,"Mobile App: Birthday Wishes ‚Äì Photo Video Maker with Music (Google Play), by Crazy 4 U",0,10,https://play.google.com/store/apps/details?id=com.mobm.brthdayslideshow.lavanyass
40,"Mobile App: Block Blast 3D : Triple Tiles Matching Puzzle Game (Google Play), by Teewee Games",0,6,https://play.google.com/store/apps/details?id=com.block.blast.puzzle
41,"Mobile App: Block Cross Puzzle (Google Play), by mobirix",0,6,https://play.google.com/store/apps/details?id=com.mobirix.nb
42,"Mobile App: Block Gems: Classic Block Puzzle Games (Google Play), by DoPuz Games",0,5,https://play.google.com/store/apps/details?id=com.blockpuzzle.classicbrickgames
43,"Mobile App: Block Puzzle (Google Play), by Block Puzzle Games 2018",0,26,https://play.google.com/store/apps/details?id=com.puzzlegamesclassic.tetris.blockpuzzle
44,"Mobile App: Block Puzzle (Google Play), by Fast Fun",0,14,https://play.google.com/store/apps/details?id=game.puzzle.blockpuzzle
45,"Mobile App: Block Puzzle - Brain Games (iTunes App Store), by Learnings Co., Limited",0,23,https://itunes.apple.com/us/app/id1466197423
46,"Mobile App: Block Puzzle - Jewels World (Google Play), by Ivy",0,6,https://play.google.com/store/apps/details?id=com.blockpuzzle.jewels.legend
47,"Mobile App: Block Puzzle 2020: Funny Brain Game (Google Play), by Block Puzzle Classic",0,12,https://play.google.com/store/apps/details?id=com.sg.block.puzzle.jewel
48,"Mobile App: Block Puzzle Guardian - New Block Puzzle Game 2020 (Google Play), by Hippo Lab",0,6,https://play.google.com/store/apps/details?id=com.block.puzzle.game.hippo.uc
49,"Mobile App: Block Puzzle Legend (Google Play), by Jewel Games Legend",0,13,https://play.google.com/store/apps/details?id=blockpuzzle.jewelgames.jewelslegend
50,"Mobile App: Block Puzzle: Diamond Star Blast (Google Play), by Block Puzzle Games Jewel",0,5,https://play.google.com/store/apps/details?id=blockpuzzle.jewel.puzzlegames
51,"Mobile App: Block Puzzle: Fun Puzzle Game (iTunes App Store), by Jinbing Wang",0,6,https://itunes.apple.com/us/app/id1191831883
52,"Mobile App: Block Puzzle: Star Gem (Google Play), by BitMango",0,5,https://play.google.com/store/apps/details?id=com.bitmango.go.blockpuzzlejewelhexamaster
53,"Mobile App: Block! Hexa Puzzle‚Ñ¢ (Google Play), by BitMango",0,5,https://play.google.com/store/apps/details?id=com.bitmango.go.blockhexapuzzle
54,"Mobile App: Body Editor - Body Shape Editor, Slim Face & Body (Google Play), by Simple Design Ltd.",0,5,https://play.google.com/store/apps/details?id=breastenlarger.bodyeditor.photoeditor
55,"Mobile App: Brain Test 2: Tricky Stories (Google Play), by Unico Studio",0,6,https://play.google.com/store/apps/details?id=com.unicostudio.braintest2new
56,"Mobile App: Brain Test: Tricky Puzzles (Google Play), by Unico Studio",0,6,https://play.google.com/store/apps/details?id=com.unicostudio.braintest
57,"Mobile App: Brain Training - Logic Puzzles (Google Play), by CL GAMES",0,6,https://play.google.com/store/apps/details?id=com.psp.brainmindgames
58,"Mobile App: Braindom: Tricky Brain Puzzle, Mind Games, IQ Test (Google Play), by Matchingham Games",0,9,https://play.google.com/store/apps/details?id=com.braindom
59,"Mobile App: Brick Classic - Brick Game (Google Play), by Puzzle Game Glow",0,12,https://play.google.com/store/apps/details?id=classic.brick.games.tetris
60,"Mobile App: Bridge Base Online (iTunes App Store), by Bridge Base Online, Ltd.",0,5,https://itunes.apple.com/us/app/id529258853
61,"Mobile App: Bubble Champion (Google Play), by Bubble Shooter Artworks",0,9,https://play.google.com/store/apps/details?id=champion.bubble
62,"Mobile App: Bubble Dungeon (Google Play), by Bubble Shooter Artworks",0,7,https://play.google.com/store/apps/details?id=dungeon.bubble
63,"Mobile App: Bubble Freedom (Google Play), by Bubble Shooter Artworks",0,27,https://play.google.com/store/apps/details?id=freedom.bubble
64,"Mobile App: Bubble Jump (Google Play), by match_three",0,10,https://play.google.com/store/apps/details?id=com.match.three.bubbleblast.free
65,"Mobile App: Bubble Pop Hero (iTunes App Store), by Shanghai Zhenglang Technology Co., Ltd.",0,6,https://itunes.apple.com/us/app/id1479325503
66,"Mobile App: Bubble Rainbow Shooter - Shoot & Pop Puzzle (Google Play), by Blackout Lab",0,10,https://play.google.com/store/apps/details?id=com.blackout.bubble
67,"Mobile App: Bubble Shooter (Google Play), by Free Bubble Shooter Games",0,12,https://play.google.com/store/apps/details?id=bubble.shooter.ot
68,"Mobile App: Bubble Shooter (Google Play), by S`games",0,8,https://play.google.com/store/apps/details?id=puzzle.games.bubble.shooter.deluxe
69,"Mobile App: Bubble Shooter (Google Play), by Shoot Bubble Inc",0,52,https://play.google.com/store/apps/details?id=bubble.shooter.pop.pro.free
70,"Mobile App: Bubble Shooter (Google Play), by retooldirox",0,19,https://play.google.com/store/apps/details?id=com.mastercarryheat.straw
71,"Mobile App: Bubble Shooter - Fashion Bird (iTunes App Store), by Yan Yuliang",0,5,https://itunes.apple.com/us/app/id1142128785
72,"Mobile App: Bubble Shooter - Pop Bubbles (iTunes App Store), by Ilyon Dynamics Ltd.",0,72,https://itunes.apple.com/us/app/id604044220
73,"Mobile App: Bubble Shooter 2 (Google Play), by Bubble Shooter Games by Ilyon",0,5,https://play.google.com/store/apps/details?id=bubbleshooter.two.pop
74,"Mobile App: Bubble Shooter 3 (Google Play), by Bubble Shooter Artworks",0,20,https://play.google.com/store/apps/details?id=shooter3.bubble
75,"Mobile App: Bubble Shooter Cookie (Google Play), by BubbleShooter Studio",0,5,https://play.google.com/store/apps/details?id=com.kudo.bubbleshooter
76,"Mobile App: Bubble Shooter Dragon Pop (iTunes App Store), by Da peng Sun",0,19,https://itunes.apple.com/us/app/id1316911967
77,"Mobile App: Bubble Shooter Genies (Google Play), by PUZZLEJOY",0,5,https://play.google.com/store/apps/details?id=com.linkdesks.bubblegames.bubbleshooter
78,"Mobile App: Bubble Shooter Space (Google Play), by Bubble Shooter",0,11,https://play.google.com/store/apps/details?id=bubbleshooter.space
79,"Mobile App: Bubble Shooter: Magic Snail (Google Play), by BubbleShooter Studio",0,23,https://play.google.com/store/apps/details?id=com.kudo.bubblebirdrescue2
80,"Mobile App: Bubble Tea! (Google Play), by Dual Cat",0,36,https://play.google.com/store/apps/details?id=com.honeyponey.bubbletea
81,"Mobile App: Bubble Wars (Google Play), by Modular Dreams Incorporated",0,9,https://play.google.com/store/apps/details?id=com.modulardreams.bubblewars
82,"Mobile App: CITIZEN Calculator (Google Play), by Everyday Calculation Apps",0,6,https://play.google.com/store/apps/details?id=com.everydaycalculation.citizencalculator
83,"Mobile App: Calculator Lock ‚Äì Video Lock & Photo Vault ‚Äì HideX (Google Play), by Flatfish Studio",0,21,https://play.google.com/store/apps/details?id=com.flatfish.cal.privacy
84,"Mobile App: Call Recorder - Cube ACR (Google Play), by Cube Systems",0,16,https://play.google.com/store/apps/details?id=com.catalinagroup.callrecorder
85,"Mobile App: Call Recorder S9 - Automatic Call Recorder Pro (Google Play), by SMSROBOT LTD (Auto Call Recorder, Period Tracker)",0,6,https://play.google.com/store/apps/details?id=com.smsrobot.callu
86,"Mobile App: Callbreak, Ludo, Rummy, 29 & Solitaire Card Games (Google Play), by Yarsa Games",0,5,https://play.google.com/store/apps/details?id=io.yarsa.games.cardgame
87,"Mobile App: Caller ID - Phone Number Lookup, Call Blocker (Google Play), by aunumber",0,7,https://play.google.com/store/apps/details?id=com.callblocker.whocalledme
88,"Mobile App: CamLady - Cam Chat with Random Person (Google Play), by LiveMeet: Cam Chat with indian girls and boys",0,6,https://play.google.com/store/apps/details?id=livemeet.app.com
89,"Mobile App: Can You Escape this 151+101 Games - Free New 2020 (Google Play), by HFG Entertainments",0,6,https://play.google.com/store/apps/details?id=air.com.HFG.CanYouEscapeThis51Games
90,"Mobile App: Candy Bomb (Google Play), by Cosmo Game",0,7,https://play.google.com/store/apps/details?id=com.cosmo.candybomb.free
91,"Mobile App: Candy Bomb (Google Play), by Dream Club",0,5,https://play.google.com/store/apps/details?id=com.dreamgame.candybomb
92,"Mobile App: Candy Fever (Google Play), by Mobileguru",0,18,https://play.google.com/store/apps/details?id=com.mobileguru.candyfever.free
93,"Mobile App: Candy Heroes (Google Play), by Cookie Match Games",0,6,https://play.google.com/store/apps/details?id=heroes.candy
94,"Mobile App: Candy Heroes Legend (iTunes App Store), by yu liu",0,6,https://itunes.apple.com/us/app/id1228095197
95,"Mobile App: Candy Legend (Google Play), by Candy Factory Game",0,7,https://play.google.com/store/apps/details?id=com.candylegend.legend
96,"Mobile App: Card Game 29 (Google Play), by Z Level Apps",0,6,https://play.google.com/store/apps/details?id=com.zlevelapps.cardgame29
97,"Mobile App: Carrom 3D (Google Play), by Zagmoid",0,6,https://play.google.com/store/apps/details?id=com.zagmoid.carrom3d
98,"Mobile App: Carrom : Candy Carrom - A Carrom Board Game (Google Play), by ButterBox Games",0,5,https://play.google.com/store/apps/details?id=com.butterboxgames.candycarrom
99,"Mobile App: Carrom Royal - Multiplayer Carrom Board Pool Game (Google Play), by ButterBox Games",0,11,https://play.google.com/store/apps/details?id=com.butterboxgames.carrom.multiplayer
100,"Mobile App: Carrom Superstar (Google Play), by BlackLight Studio Games",0,31,https://play.google.com/store/apps/details?id=com.blacklight.carrom.multiplayer
101,"Mobile App: Carrom board game - Carrom online multiplayer (Google Play), by Ludo Games Download - India 2019",0,14,https://play.google.com/store/apps/details?id=com.play.carromgame
102,"Mobile App: Cartoon Photo Editor: Make Cartoon Avatars by AIFX (Google Play), by Shanghai Chuan Information Technology Co., Ltd.",0,9,https://play.google.com/store/apps/details?id=com.cmever.android.ai.camera
103,"Mobile App: Chamy - Color by Number (Google Play), by Easybrain",0,6,https://play.google.com/store/apps/details?id=com.easybrain.chamy
104,"Mobile App: ChatBox - free Live Chat (Google Play), by Chat Box",0,19,https://play.google.com/store/apps/details?id=com.videoplayer.livetalk
105,"Mobile App: Chess Online - Duel friends online! (Google Play), by Hagstrom Dev",0,12,https://play.google.com/store/apps/details?id=com.hagstrom.henrik.chess
106,"Mobile App: Coin Rush! (Google Play), by Crazy Labs by TabTale",0,13,https://play.google.com/store/apps/details?id=com.crazylabs.coin.rush
107,"Mobile App: Color Bump 3D (Google Play), by Good Job Games",0,6,https://play.google.com/store/apps/details?id=com.colorup.game
108,"Mobile App: Color Fill 3D (Google Play), by Good Job Games",0,6,https://play.google.com/store/apps/details?id=com.gjg.colorfill3d
109,"Mobile App: Color Rings Puzzle (Google Play), by Fun Free Fun",0,12,https://play.google.com/store/apps/details?id=com.puzzle.rings
110,"Mobile App: Color by Number Oil Painting (iTunes App Store), by Veraxen Ltd",0,5,https://itunes.apple.com/us/app/id1439776386
111,"Mobile App: Coloring Book - Color by Number & Paint by Number (Google Play), by Candy Mobile",0,17,https://play.google.com/store/apps/details?id=com.iceors.colorbook.release
112,"Mobile App: Commando Adventure Assassin: Free Games Offline (Google Play), by spiritapps",0,5,https://play.google.com/store/apps/details?id=com.spirit.commando.war.action.apps
113,"Mobile App: Cookie Rush Match 3 (Google Play), by Match 3 Fun Games",0,11,https://play.google.com/store/apps/details?id=cookie.pop.match3
114,"Mobile App: CricLine - Live Scores (Google Play), by Live Cricket Line",0,6,https://play.google.com/store/apps/details?id=com.cricket.livescoreline
115,"Mobile App: Cricket Line Guru : Fast Live Line (Google Play), by Cricket Line Guru",0,16,https://play.google.com/store/apps/details?id=com.app.cricketapp
116,"Mobile App: Cut Paste Photo Seamless Edit (Google Play), by Photo2Photo",0,7,https://play.google.com/store/apps/details?id=com.eabdrazakov.photomontage
117,"Mobile App: DC EPaper (iTunes App Store), by deccan chronicle holdings limited",0,5,https://itunes.apple.com/us/app/id687659003
118,"Mobile App: Dangerous Fellows:  your Thriller Otome game (Google Play), by StoryTaco.inc",0,6,https://play.google.com/store/apps/details?id=com.lucydream.dangerousfellows
119,"Mobile App: Data Recharge & Data Saver 4G (Google Play), by Databack",0,5,https://play.google.com/store/apps/details?id=free.mobile.internet.data.recharge
120,"Mobile App: Dice Merge - Jigsaw Puzzle (Google Play), by Î∏îÎ°ù Ïä§ÌäúÎîîÏò§",0,6,https://play.google.com/store/apps/details?id=com.mergegame.dicemergejigsaw.pieces
121,"Mobile App: Dicedom - Merge Puzzle (Google Play), by Fun Free Fun",0,66,https://play.google.com/store/apps/details?id=com.dicedom.mergepuzzle
122,"Mobile App: DigDeep Image Recovery (Google Play), by GreatStuffApps",0,6,https://play.google.com/store/apps/details?id=com.greatstuffapps.digdeep
123,"Mobile App: Document Manager and File Viewer (Google Play), by Mega Sticker Maker",0,6,https://play.google.com/store/apps/details?id=com.document.manager.filedocumentmanager
124,"Mobile App: Document Scanner - Free Scan PDF & Image to Text (Google Play), by TopTap Studio",0,6,https://play.google.com/store/apps/details?id=document.scanner.scan.pdf.image.text
125,"Mobile App: Document Scanner - PDF Creator (Google Play), by Lufick",0,13,https://play.google.com/store/apps/details?id=com.cv.docscanner
126,"Mobile App: Dominoes - Classic Edition (iTunes App Store), by Loop Games",0,7,https://itunes.apple.com/us/app/id1434957889
127,"Mobile App: Drag n Merge: Bubble (Google Play), by Metajoy",0,6,https://play.google.com/store/apps/details?id=com.metajoy.puzzlegame.dnmbubble
128,"Mobile App: Drag n Merge: Bubble (iTunes App Store), by Metajoy Limited",0,6,https://itunes.apple.com/us/app/id1474446324
129,"Mobile App: Drink Neon Cocktail Simulator (Google Play), by BarabApps",0,6,https://play.google.com/store/apps/details?id=com.barabapps.drinkneon
130,"Mobile App: Dropdom - Jewel Blast (Google Play), by hua weiwei",0,24,https://play.google.com/store/apps/details?id=com.dropdom.blockpuzzle.hwwgame
131,"Mobile App: Dua-Nasr E Walmahabah (Google Play), by Al-Anwar Apps",0,6,https://play.google.com/store/apps/details?id=com.mobincube.dua_nasr_e_wal_mahabah.sc_3V5J7W
132,"Mobile App: Earn Money by Recharge, Loan, Payment and Resell (Google Play), by True Balance - Balance Hero",0,11,https://play.google.com/store/apps/details?id=com.balancehero.truebalance
133,"Mobile App: English Hindi Dictionary (Google Play), by HinKhoj",0,9,https://play.google.com/store/apps/details?id=HinKhoj.Dictionary
134,"Mobile App: Epic Race 3D (Google Play), by Good Job Games",0,9,https://play.google.com/store/apps/details?id=com.gym.racegame
135,"Mobile App: Eyecon: Caller ID, Calls and Phone Contacts (Google Play), by Eyecon Phone Dialer & Contacts",0,62,https://play.google.com/store/apps/details?id=com.eyecon.global
136,"Mobile App: Farm City : Farming & City Building (Google Play), by iKame Games",0,5,https://play.google.com/store/apps/details?id=com.citybay.farming.citybuilding
137,"Mobile App: Fast English to Telugu Keyboard-Fast Telugu Typing (Google Play), by 9appstech",0,7,https://play.google.com/store/apps/details?id=com.fastTelugukeyboard.typing.easyTelugutext.inputmethod
138,"Mobile App: Fast Scanner : Free PDF Scan (Google Play), by CoolMobileSolution",0,12,https://play.google.com/store/apps/details?id=com.coolmobilesolution.fastscannerfree
139,"Mobile App: Fast charging - Charge Battery Fast (Google Play), by ECO MOBILE VN",0,5,https://play.google.com/store/apps/details?id=com.eco.fastcharger
140,"Mobile App: Find The Differences 500 Photos 2 (Google Play), by Sixcube Information Technology Co,. Ltd.",0,5,https://play.google.com/store/apps/details?id=coma.games.find.difference
141,"Mobile App: Find the Differences (Google Play), by Blackout Lab",0,6,https://play.google.com/store/apps/details?id=com.blackout.diff
142,"Mobile App: Fingerprint Pattern App Lock (Google Play), by Biometric Solution",0,5,https://play.google.com/store/apps/details?id=sparrow.peter.applockapplicationlocker
143,"Mobile App: Flashlight - Bright LED Light (Google Play), by Flash App Studio",0,7,https://play.google.com/store/apps/details?id=com.crusader.flashlight
144,"Mobile App: Flow Fit: Sudoku (Google Play), by Big Duck Games LLC",0,6,https://play.google.com/store/apps/details?id=com.bigduckgames.flowfitsudoku
145,"Mobile App: Foot Clinic - ASMR Feet Care (Google Play), by Crazy Labs by TabTale",0,5,https://play.google.com/store/apps/details?id=com.crazylabs.foot.doctor
146,"Mobile App: Frame (Google Play), by Cheer Up Studio",0,22,https://play.google.com/store/apps/details?id=com.CheerUp.frame
147,"Mobile App: FreeCell Solitaire (Google Play), by Solitaire Card Games , Inc.",0,13,https://play.google.com/store/apps/details?id=com.lemongame.freecell.solitaire
148,"Mobile App: Fruit Block - Puzzle Legend (Google Play), by Legend Game Inc.",0,11,https://play.google.com/store/apps/details?id=com.fruitheroes.legend
149,"Mobile App: Fruit Burst (Google Play), by TINY WINGS",0,7,https://play.google.com/store/apps/details?id=com.nextstep.fruitburstline
150,"Mobile App: Fruit Cut Game - fruit splash (iTunes App Store), by RenCai Zhang",0,5,https://itunes.apple.com/us/app/id976975717
151,"Mobile App: Fruits Bomb (Google Play), by Mobileguru",0,21,https://play.google.com/store/apps/details?id=com.mobileguru.fruitsbomb.free
152,"Mobile App: Fruits Coloring Book & Drawing Book (Google Play), by Bitty Apps",0,5,https://play.google.com/store/apps/details?id=com.coloringbook.fruitsdrawingbook
153,"Mobile App: Fruits Legend (Google Play), by appgo",0,5,https://play.google.com/store/apps/details?id=com.appgame7.friutslegend
154,"Mobile App: Fruits Link (Google Play), by L√™ Kh·∫£ Phi√™u",0,6,https://play.google.com/store/apps/details?id=com.phieu.kha.le.fruitslink
155,"Mobile App: Fruits Mania : Fairy rescue (iTunes App Store), by BitMango Corporation",0,7,https://itunes.apple.com/us/app/id1217659594
156,"Mobile App: Fun Race 3D (Google Play), by Good Job Games",0,9,https://play.google.com/store/apps/details?id=com.slippy.linerusher
157,"Mobile App: Fun Race 3D (iTunes App Store), by Good Job Games Bilisim Yazilim ve Pazarlama AS",0,15,https://itunes.apple.com/us/app/id1462556579
158,"Mobile App: G-NetTrack Lite (Google Play), by GyokovSolutions",0,6,https://play.google.com/store/apps/details?id=com.gyokovsolutions.gnettracklite
159,"Mobile App: GK & Current Affairs 2020, Railway, SSC, IBPS (Google Play), by Mukesh Kaushik",0,9,https://play.google.com/store/apps/details?id=gk.currentaffairs.india
160,"Mobile App: Ganesha Wallpaper (4k) (Google Play), by 4k Wallpapers",0,5,https://play.google.com/store/apps/details?id=com.wallpapers4k.ganeshawallpaper
161,"Mobile App: Girlfriend Photo Editor üë© Stickers for Pictures (Google Play), by Photo & Video Editor üì∑ Camera Filters and Effects",0,7,https://play.google.com/store/apps/details?id=com.Girlfriend.Photo.Editor.Stickers.Pictures
162,"Mobile App: Granny Kick Neighbor - New Free Fun Shooting Games (Google Play), by Fun Shooting Games",0,6,https://play.google.com/store/apps/details?id=com.sultanware.Granny
163,"Mobile App: Guide For Free-Free Diamonds 2020 New (Google Play), by supo studio inc",0,6,https://play.google.com/store/apps/details?id=com.game.freefire.guide.diamond.free
164,"Mobile App: Happy Color‚Ñ¢ ‚Äì Color by Number (Google Play), by X-Flow",0,8,https://play.google.com/store/apps/details?id=com.pixel.art.coloring.color.number
165,"Mobile App: Happy Color‚Ñ¢ ‚Äì Color by Number (iTunes App Store), by X-FLOW LTD",0,134,https://itunes.apple.com/us/app/id1407852246
166,"Mobile App: Happy Fruit Blast (iTunes App Store), by Yutao Liu",0,6,https://itunes.apple.com/us/app/id1208907397
167,"Mobile App: Height Increase - Increase Height Workout, Taller (Google Play), by Leap Fitness Group",0,5,https://play.google.com/store/apps/details?id=increaseheightworkout.heightincreaseexercise.tallerexercise
168,"Mobile App: Hello Video Status - Indian Social App (Google Play), by Helo Media",0,15,https://play.google.com/store/apps/details?id=com.barfi.fun.videos
169,"Mobile App: Hero Rescue (Google Play), by Super Game Studios",0,21,https://play.google.com/store/apps/details?id=com.herorescue.knight.pull.pin
170,"Mobile App: Hexa Jigsaw Puzzle ¬Æ (Google Play), by Ilyon",0,6,https://play.google.com/store/apps/details?id=jigsaw.hexa.boombox
171,"Mobile App: Hindi Dp, Images, Status, Shayari, Jokes For Whats (Google Play), by Padma Status Apps",0,6,https://play.google.com/store/apps/details?id=com.padmavati.mywhatsappdp
172,"Mobile App: Hindi News by News State (Google Play), by News Nation Network Pvt. Ltd.",0,5,https://play.google.com/store/apps/details?id=com.newsnation.newsstate
173,"Mobile App: Hindi News, Latest News, Epaper App - Hindustan (Google Play), by HT Media Ltd",0,5,https://play.google.com/store/apps/details?id=com.hindustan.hindinews
174,"Mobile App: Hindi Shayari, DP, Photo,Status - ‡§§‡•Å‡§Æ ‡§ï‡•ç‡§Ø‡§æ ‡§ú‡§æ‡§®‡•ã‡§ó‡•á (Google Play), by Padma Status Apps",0,7,https://play.google.com/store/apps/details?id=com.padmavati.tumkyajanoge
175,"Mobile App: Hunter Assassin (Google Play), by Ruby Game Studio",0,11,https://play.google.com/store/apps/details?id=com.rubygames.assassin
176,"Mobile App: IMVU: 3D Avatar Creator & Chat (iTunes App Store), by IMVU",0,12,https://itunes.apple.com/us/app/id919745844
177,"Mobile App: Indian Wedding Love with Arrange Marriage Part - 2 (Google Play), by Royal King Games LLC",0,6,https://play.google.com/store/apps/details?id=com.royalking.lovewitharrangetwo
178,"Mobile App: JAUMO Dating ‚Äì Flirt With Local Singles (Google Play), by Joyride Dating",0,10,https://play.google.com/store/apps/details?id=com.jaumo
179,"Mobile App: Jagbani (iTunes App Store), by Hind Samachar Ltd",0,12,https://itunes.apple.com/us/app/id538323711
180,"Mobile App: Jagbani Punjabi App (Google Play), by Punjab Kesari",0,10,https://play.google.com/store/apps/details?id=com.jagbani
181,"Mobile App: Jewel & Gem Blast - Match 3 Puzzle Game (Google Play), by Ivy",0,6,https://play.google.com/store/apps/details?id=com.bestheart.gemsjewels.junglepuzzlegame
182,"Mobile App: Jigsaw Block (Google Play), by heidoggame",0,11,https://play.google.com/store/apps/details?id=com.slide.jigsaw.blackflydog
183,"Mobile App: Jigsaw Puzzle (iTunes App Store), by Critical Hit Software",0,6,https://itunes.apple.com/us/app/id495583717
184,"Mobile App: Jigsaw Puzzle Collection HD (iTunes App Store), by Veraxen Ltd",0,68,https://itunes.apple.com/us/app/id642831690
185,"Mobile App: John GBA Lite - GBA emulator (Google Play), by John emulators",0,6,https://play.google.com/store/apps/details?id=com.johnemulators.johngbalite
186,"Mobile App: Kakuro (Cross Sums) (Google Play), by Pink Pointer",0,6,https://play.google.com/store/apps/details?id=com.pinkpointer.kakuro
187,"Mobile App: Keve Malayalam News Reader (Google Play), by Keve Tech",0,6,https://play.google.com/store/apps/details?id=com.malayalam.news.app.yet
188,"Mobile App: Klondike Solitaire - Patience Card Games (Google Play), by Magic Word Games",0,5,https://play.google.com/store/apps/details?id=klondike.solitaire.card.games.free.patience.spider.freecell.classic
189,"Mobile App: Lep's World üçÄ (Google Play), by nerByte GmbH",0,6,https://play.google.com/store/apps/details?id=at.nerbrothers.SuperJump
190,"Mobile App: Lie Detector Test Prank - Fingerprint Scanner (Google Play), by SmartDroid Tech",0,6,https://play.google.com/store/apps/details?id=com.m2c.lie.detector.prank
191,"Mobile App: Light-It Up (Google Play), by Crazy Labs by TabTale",0,6,https://play.google.com/store/apps/details?id=com.crazylabs.light.it.up
192,"Mobile App: Link Animal (Google Play), by GAME OFFLINE HAY",0,6,https://play.google.com/store/apps/details?id=com.noithu
193,"Mobile App: Lip Art 3D (Google Play), by ZPLAY Games",0,6,https://play.google.com/store/apps/details?id=com.casualpunch.lipart
194,"Mobile App: Live Mobile Number Tracker (Google Play), by Zinn App Studio",0,6,https://play.google.com/store/apps/details?id=com.zinn.currentmobiletrackerlocation
195,"Mobile App: Live Talk - free video chat (Google Play), by Videokar",0,32,https://play.google.com/store/apps/details?id=com.bingo.livetalk
196,"Mobile App: Lollipop Rush Match 3 (Google Play), by Ilyon",0,5,https://play.google.com/store/apps/details?id=crush.lollipop.matchthree
197,"Mobile App: Lollipop: Sweet Taste Match 3 (Google Play), by BitMango",0,7,https://play.google.com/store/apps/details?id=com.bitmango.go.lollipopmatch3
198,"Mobile App: Lollipop: Sweet Taste Match3 (iTunes App Store), by BitMango Corporation",0,18,https://itunes.apple.com/us/app/id1118803687
199,"Mobile App: Love Video Maker : Full Screen Video Status Maker (Google Play), by Video maker lab",0,7,https://play.google.com/store/apps/details?id=data.full_screen.love_video.maker
200,"Mobile App: Love Video Maker With Song (Google Play), by Photo Video Music Studio",0,6,https://play.google.com/store/apps/details?id=photovideomusicstudio.velentinevideomaker
201,"Mobile App: Lovel - FREE Story, Novel & Fiction (Google Play), by iReader Inc.",0,6,https://play.google.com/store/apps/details?id=com.zhangyue.read.lovel
202,"Mobile App: Ludo (Google Play), by Yarsa Games",0,15,https://play.google.com/store/apps/details?id=io.yarsa.games.ludo
203,"Mobile App: Lyrical Video Status Maker - VFX Swag Video Status (Google Play), by Woxxin Solution",0,7,https://play.google.com/store/apps/details?id=videostatusmaker.lylyvideostatus.lyricalvideo.swagvideo.vfx
204,"Mobile App: MEEFF - Make Global Friends (Google Play), by malang",0,7,https://play.google.com/store/apps/details?id=com.noyesrun.meeff.kr
205,"Mobile App: Magic Bubble Pop (Google Play), by Ilyon",0,6,https://play.google.com/store/apps/details?id=pop.bubbles.magics
206,"Mobile App: Magic Jigsaw Puzzles (iTunes App Store), by XIMAD, Inc.",0,8,https://itunes.apple.com/us/app/id439873467
207,"Mobile App: Magic Photo Lab Effect Photo Frames (Google Play), by Mazak Masti Unlimited",0,10,https://play.google.com/store/apps/details?id=com.mmumagclbefct.ngmn.ashs
208,"Mobile App: Maharashtra State Board Books (Google Play), by Mukesh Kaushik",0,6,https://play.google.com/store/apps/details?id=maharashtra.state.board.textbooks
209,"Mobile App: Mahjong Solitaire: Classic (iTunes App Store), by BitMango Corporation",0,6,https://itunes.apple.com/us/app/id1288458862
210,"Mobile App: Malayalam NewsPlus Made in India (Google Play), by Veooz Inc News from top publishers",0,8,https://play.google.com/store/apps/details?id=com.veooz.ml
211,"Mobile App: Man Bike Rider Photo Editor (Google Play), by SoftSquare InfoSoft",0,5,https://play.google.com/store/apps/details?id=com.softsquare.man.bike.moto.suit.photo.editor
212,"Mobile App: Manga Dogs - discuss manga online (Google Play), by comic lover",0,35,https://play.google.com/store/apps/details?id=com.dogs.nine
213,"Mobile App: Manga Dogs - webtoon reader (iTunes App Store), by Shuang Zou",0,5,https://itunes.apple.com/us/app/id1198071602
214,"Mobile App: Manorama Online News App - Malayala Manorama (Google Play), by Malayala Manorama Co. Ltd.",0,54,https://play.google.com/store/apps/details?id=com.online.AndroidManorama
215,"Mobile App: Marathi NewsPlus Made in India (Google Play), by Veooz Inc News from top publishers",0,16,https://play.google.com/store/apps/details?id=com.veooz.mr
216,"Mobile App: Marathi Status 2020 - DP, Jokes, Video, SMS, Photo (Google Play), by Parth MobiSoft",0,10,https://play.google.com/store/apps/details?id=com.parthmobisoft.newmarathistatus
217,"Mobile App: Marathi Status DP 2020- Video Status DP Jokes (Google Play), by InChat-StatusKing",0,6,https://play.google.com/store/apps/details?id=com.singularity.marathidpstatus
218,"Mobile App: Match 3D (iTunes App Store), by Loop Games Oyun Teknolojileri Anonim Sirketi",0,6,https://itunes.apple.com/us/app/id1502447854
219,"Mobile App: Mature Dating - Flirt, Meeting, Chat and Love (Google Play), by WeLoveApps",0,5,https://play.google.com/store/apps/details?id=com.weloveapps.maturedating
220,"Mobile App: Memory Matches 2 (iTunes App Store), by Lumate, LLC",0,6,https://itunes.apple.com/us/app/id500028364
221,"Mobile App: Mendicot (Google Play), by Tilted Head Productions",0,5,https://play.google.com/store/apps/details?id=com.thp.mendicot
222,"Mobile App: Merge Puzzle  (iTunes App Store), by Lei Guo",0,6,https://itunes.apple.com/us/app/id1483008483
223,"Mobile App: Miami Rope Hero Spider Open World Street Gangster (Google Play), by Open World Action Games",0,12,https://play.google.com/store/apps/details?id=com.openworldactiongames.ropehero.crime.city
224,"Mobile App: Mindi Multiplayer Online Game - Play With Friends (Google Play), by Artoon Games",0,7,https://play.google.com/store/apps/details?id=com.artoon.mindi
225,"Mobile App: Minni Mouse Photo Stickers (Google Play), by Little Oasis Apps for Kids and Adults",0,14,https://play.google.com/store/apps/details?id=com.MinniMousePhotoStickers.CutePhotoEditor
226,"Mobile App: Modern Car Drive Parking 3d Game - PvP Car Games (Google Play), by The Knights Pvt Ltd",0,10,https://play.google.com/store/apps/details?id=com.volcano.modrn.car.parking.d
227,"Mobile App: Mods | AddOns for Minecraft PE (MCPE) Free (Google Play), by Ultimate Mobile",0,5,https://play.google.com/store/apps/details?id=com.ultimategamestudio.mcpecenter.mods
228,"Mobile App: Moy 5 - Virtual Pet Game (iTunes App Store), by Frojo Apps AB",0,5,https://itunes.apple.com/us/app/id1151544821
229,"Mobile App: Multiple Accounts:Parallel App (Google Play), by Wang Technology",0,5,https://play.google.com/store/apps/details?id=com.excelliance.multiaccounts
230,"Mobile App: My Notes - Notepad (Google Play), by KreoSoft",0,6,https://play.google.com/store/apps/details?id=net.kreosoft.android.mynotes
231,"Mobile App: My Talking Tom Friends (Google Play), by Outfit7 Limited",0,13,https://play.google.com/store/apps/details?id=com.outfit7.mytalkingtomfriends
232,"Mobile App: My Talking Tom Friends (iTunes App Store), by Outfit7 Limited",0,9,https://itunes.apple.com/us/app/id1473424857
233,"Mobile App: MyMedia - File Manager (iTunes App Store), by Alexander Sludnikov",0,6,https://itunes.apple.com/us/app/id412490864
234,"Mobile App: NCERT Hindi Books, Notes, MCQs (Google Play), by Mukesh Kaushik",0,6,https://play.google.com/store/apps/details?id=latest.ncert.hindi.books
235,"Mobile App: NERF Epic Pranks! (Google Play), by HOMA GAMES",0,14,https://play.google.com/store/apps/details?id=games.nerf.epic.pranks.free
236,"Mobile App: New Currency NOTE Photo Frame (Google Play), by TOUCHSERIES TECHNOLOGIES",0,5,https://play.google.com/store/apps/details?id=com.money.photo.frames
237,"Mobile App: New Sniper Shooter: Free offline 3D shooting games (Google Play), by The Knights Pvt Ltd",0,6,https://play.google.com/store/apps/details?id=com.lf.sniper.gun.shooter.free.apps
238,"Mobile App: New Stickers For WhatsApp - WAStickerapps Free (Google Play), by 9D Technology",0,16,https://play.google.com/store/apps/details?id=wastickerapps.stickersforwhatsapp
239,"Mobile App: Nickname Generator Stylish Text Free & Fire (Google Play), by NYFE.Inc.Studio",0,6,https://play.google.com/store/apps/details?id=com.dololow.nicksfreeapps
240,"Mobile App: Noizz-Formerly Biugo, Photo Video Maker, Hot Video (Google Play), by biugo",0,92,https://play.google.com/store/apps/details?id=com.yy.biu
241,"Mobile App: Notebloc: Scanner App - Scan, save & share as PDF (Google Play), by Notebloc",0,6,https://play.google.com/store/apps/details?id=com.notebloc.app
242,"Mobile App: Notepad - Write Notes, Checklists & Reminders (Google Play), by Sappalodapps Development",0,5,https://play.google.com/store/apps/details?id=com.ztnstudio.notepad
243,"Mobile App: Notification Sounds - Ringtones & Soundboard (Google Play), by MimiSoft Studio - Emoji - Stickers - Ringtones Dev",0,10,https://play.google.com/store/apps/details?id=com.plantillatabladesonidos
244,"Mobile App: Notisave (Google Play), by TENQUBE Inc.",0,11,https://play.google.com/store/apps/details?id=com.tenqube.notisave
245,"Mobile App: NumpuzÔºöNumber Puzzle Games (iTunes App Store), by Wuhan Dobest Information Technology Co,  Ltd.",0,15,https://itunes.apple.com/us/app/id1340841589
246,"Mobile App: Offline Bubbles (Google Play), by Free Bubble Shooter Games",0,6,https://play.google.com/store/apps/details?id=bubbles.offline
247,"Mobile App: OnetX - Connect Animal (Google Play), by AMMY Entertaiment",0,5,https://play.google.com/store/apps/details?id=com.ammy.onet
248,"Mobile App: Onnect ‚Äì Pair Matching Puzzle (iTunes App Store), by Rollic Games Oyun Yazilim ve Pazarlama Anonim Sirketi",0,11,https://itunes.apple.com/us/app/id1387897651
249,"Mobile App: Opera Mini - fast web browser (Google Play), by Opera",0,5,https://play.google.com/store/apps/details?id=com.opera.mini.native
250,"Mobile App: Opera browser with free VPN (Google Play), by Opera",0,44,https://play.google.com/store/apps/details?id=com.opera.browser
251,"Mobile App: PDF File Reader (Google Play), by Android Candy",0,6,https://play.google.com/store/apps/details?id=com.pdfviewer.pdfreader
252,"Mobile App: PIP Video Maker - Photo Video Maker with Music (Google Play), by Magic.ly",0,5,https://play.google.com/store/apps/details?id=com.pipvideomaker.picinpic.photoslideshow.photovideomaker
253,"Mobile App: Paint Brawl 3D (Google Play), by KobGames",0,6,https://play.google.com/store/apps/details?id=com.kob.paintbrawl3d
254,"Mobile App: Paint By Number - Free Coloring Book & Puzzle Game (Google Play), by Better Life - Color and Draw",0,6,https://play.google.com/store/apps/details?id=paint.by.number.pixel.art.coloring.drawing.puzzle
255,"Mobile App: Paint by Number Coloring Games (iTunes App Store), by DAILYINNOVATION CO., LIMITED",0,17,https://itunes.apple.com/us/app/id1420058690
256,"Mobile App: Paint.ly: Color by Number Game (iTunes App Store), by PICFUN TECH LIMITED",0,5,https://itunes.apple.com/us/app/id1441501929
257,"Mobile App: Parallel Space - Multiple accounts & Two face (Google Play), by LBE Tech",0,10,https://play.google.com/store/apps/details?id=com.lbe.parallel.intl
258,"Mobile App: Parlor: The Social Talking App (iTunes App Store), by Parlor.fm Inc.",0,5,https://itunes.apple.com/us/app/id426482708
259,"Mobile App: Payback 2 - The Battle Sandbox (Google Play), by Apex Designs Entertainment Ltd",0,13,https://play.google.com/store/apps/details?id=net.apex_designs.payback2
260,"Mobile App: Phone Tracker By Number (Google Play), by Family Locator Inc.",0,6,https://play.google.com/store/apps/details?id=mg.locations.track5
261,"Mobile App: Photo & Video Downloader for Instagram - Repost IG (Google Play), by Video Downloader & Video Player & Photo Downloader",0,8,https://play.google.com/store/apps/details?id=instake.repost.instagramphotodownloader.instagramvideodownloader
262,"Mobile App: Photo Collage - photo collage maker & Photo Editor (Google Play), by NewX Heights",0,10,https://play.google.com/store/apps/details?id=photo.collageeh.frames
263,"Mobile App: Photo Collage Maker - Mirror & Frame Photo Editor (Google Play), by Gami Keyboard & Photo Editor",0,6,https://play.google.com/store/apps/details?id=create.photocollage.gamiphotoeditor
264,"Mobile App: Photo Collage Pro Editor (iTunes App Store), by Zentertain Ltd.",0,6,https://itunes.apple.com/us/app/id531357950
265,"Mobile App: Photo Editor ‚Äì Image to Video with Effects (Google Play), by Crazy 4 U",0,5,https://play.google.com/store/apps/details?id=com.cfu.photoeffctvdeomkerlvnya.aswini
266,"Mobile App: Photo Frame (Google Play), by highsecure",0,7,https://play.google.com/store/apps/details?id=com.highsecure.photoframe
267,"Mobile App: Photo Frame, All Photo Frames (Google Play), by CodeEdifice",0,11,https://play.google.com/store/apps/details?id=com.codeedifice.photoframe
268,"Mobile App: Photo Frames Lab Editor: effects, filter & Collage (Google Play), by APPDEVELOPER202",0,6,https://play.google.com/store/apps/details?id=com.ashar.jungledualframes
269,"Mobile App: Photo Slideshow With Music (Google Play), by Photo And Video Apps",0,5,https://play.google.com/store/apps/details?id=ph.app.photoslideshowwithmusic
270,"Mobile App: Photo editor & Music video maker (Google Play), by video maker - photo editor std",0,6,https://play.google.com/store/apps/details?id=com.videomaker.slideshow.videoeditor.photoeditor
271,"Mobile App: Photo frame, Photo collage (Google Play), by ls&la",0,12,https://play.google.com/store/apps/details?id=com.lsla.photoframe
272,"Mobile App: Pipa Combate 3D - Kite Flying (Google Play), by Maiworm Digital Strategy",0,6,https://play.google.com/store/apps/details?id=br.pipacombate3d.maiworm
273,"Mobile App: Pixel Art - Colour by Numbers (iTunes App Store), by EASYBRAIN LTD",0,6,https://itunes.apple.com/us/app/id1274972321
274,"Mobile App: Pixel Art: Color by Number (Google Play), by Easybrain",0,6,https://play.google.com/store/apps/details?id=com.europosit.pixelcoloring
275,"Mobile App: Pocket Duas (Google Play), by webartdevelopers",0,6,https://play.google.com/store/apps/details?id=com.extasis.flipbook
276,"Mobile App: Polaris Office - Free Docs, Sheets, Slides + PDF (Google Play), by Infraware Inc.",0,10,https://play.google.com/store/apps/details?id=com.infraware.office.link
277,"Mobile App: Poly Craft - Match Animal (Google Play), by Spearmint Games",0,29,https://play.google.com/store/apps/details?id=games.spearmint.matchinggame
278,"Mobile App: Pooking - Billiards City (Google Play), by MOUNTAIN GAME",0,21,https://play.google.com/store/apps/details?id=com.billiards.city.pool.nation.club
279,"Mobile App: Pou (Google Play), by Zakeh",0,6,https://play.google.com/store/apps/details?id=me.pou.app
280,"Mobile App: Princess Baby Shower Party (Google Play), by Sniffy Games",0,5,https://play.google.com/store/apps/details?id=com.sniffygames.princessbabyshowerparty
281,"Mobile App: Puzzle Game (Google Play), by Mahjong solitaire mahjongg",0,17,https://play.google.com/store/apps/details?id=com.quarterborrowresult.customer
282,"Mobile App: Qatil Ishq-Fatima Hiya Niazi (Google Play), by Changezi",0,5,https://play.google.com/store/apps/details?id=apps.bookdroid.QatilIshq
283,"Mobile App: RRB Railways Exam (Google Play), by Sana Edutech",0,6,https://play.google.com/store/apps/details?id=com.sanaedutech.rrb
284,"Mobile App: RTO Vehicle Information (Google Play), by Learn English In Hindi - Translator & Dictionary",0,5,https://play.google.com/store/apps/details?id=com.vehicle.rto.vahan.status.information.register
285,"Mobile App: Radha Krishna Fashion Makeover (Google Play), by IMS Games - Best Games for Kids",0,6,https://play.google.com/store/apps/details?id=com.imsgames.radhakrishnafashionmakeover
286,"Mobile App: Ramp Car Stunt 3D : Impossible Track Racing (Google Play), by GamePace",0,10,https://play.google.com/store/apps/details?id=com.gp.impossible.ramp.car.stunt.tracks
287,"Mobile App: Ramp Car Stunts Racing - Extreme Car Stunt Games (Google Play), by SOTEC APPS",0,6,https://play.google.com/store/apps/details?id=com.nggs.mega.ramps.stunts.driving.challenge
288,"Mobile App: Ramp Car Stunts Racing: Impossible Tracks 3D (Google Play), by Games Wing",0,5,https://play.google.com/store/apps/details?id=com.gameswing.impossiblecarstunts.monstertrucks.cardriving.simulator
289,"Mobile App: Random Video Chat (Google Play), by UTDevelopers",0,6,https://play.google.com/store/apps/details?id=com.friendchat.randomvideochatcall
290,"Mobile App: Real Cake Maker 3D - Bake, Design & Decorate (Google Play), by Coco Play By TabTale",0,5,https://play.google.com/store/apps/details?id=com.cocoplay.cakemaker
291,"Mobile App: Real Solitaire for iPad (iTunes App Store), by EdgeRift, Inc.",0,11,https://itunes.apple.com/us/app/id373942073
292,"Mobile App: RealmCraft 3D: Survive & Craft (iTunes App Store), by Tellurion mobile, Limited Liability Company",0,5,https://itunes.apple.com/us/app/id1102415991
293,"Mobile App: Remote Control for All TV - Screen Mirroring (Google Play), by Krishna Tech",0,5,https://play.google.com/store/apps/details?id=com.universal.tv.remote.control.screen.mirroring
294,"Mobile App: Ringtones from Micromax (Google Play), by Micromax Informatics",0,5,https://play.google.com/store/apps/details?id=com.micromaxinfo.ringtone
295,"Mobile App: Rocky Climb (Google Play), by SayGames",0,5,https://play.google.com/store/apps/details?id=com.estoty.borntoclimb
296,"Mobile App: Roll No. 21 ‚Äì Run Kris Run (Google Play), by Zapak Mobile Games Pvt. Ltd",0,5,https://play.google.com/store/apps/details?id=com.zapak.roll21.run.game
297,"Mobile App: Rummy Cubes (iTunes App Store), by Daniel Rossler",0,7,https://itunes.apple.com/us/app/id523522535
298,"Mobile App: SSC CGL,MTS,CHSL 2020 (Google Play), by Mukesh Kaushik",0,5,https://play.google.com/store/apps/details?id=ssc.cgl.chsl.mts
299,"Mobile App: Sand Balls (Google Play), by SayGames",0,39,https://play.google.com/store/apps/details?id=com.water.balls
300,"Mobile App: Save Story for Facebook Stories - Download (Google Play), by Nemory Studios",0,10,https://play.google.com/store/apps/details?id=com.stackwares.android.storysaver.facebook
301,"Mobile App: Screen Mirroring with TV : Play Video on TV (Google Play), by Gravity App Club",0,5,https://play.google.com/store/apps/details?id=com.microapps.screenmirroring
302,"Mobile App: Screen Mirroring, Cast Phone To TV - Castto (Google Play), by SoomApps",0,5,https://play.google.com/store/apps/details?id=com.soomapps.screenmirroring
303,"Mobile App: Screen Recorder (Google Play), by AppSmartz",0,9,https://play.google.com/store/apps/details?id=com.ezscreenrecorder
304,"Mobile App: Shoot Ball Fruit Splash (iTunes App Store), by Bosi Lv",0,5,https://itunes.apple.com/us/app/id1404715677
305,"Mobile App: Skippy - Better English, Better Life! (Google Play), by Plain Bagel Inc.",0,22,https://play.google.com/store/apps/details?id=com.plainbagel.skippy
306,"Mobile App: Snake Xenzia (Google Play), by Roman Anisimov",0,6,https://play.google.com/store/apps/details?id=com.eskimob.snakexenzia
307,"Mobile App: Sniper Bubbles (Google Play), by Match 3 Bubble Games",0,7,https://play.google.com/store/apps/details?id=bubbles.sniper
308,"Mobile App: Soap Cutting - Satisfying ASMR (Google Play), by Crazy Labs by TabTale",0,5,https://play.google.com/store/apps/details?id=com.crazylabs.soap.cutting
309,"Mobile App: Solitaire (Google Play), by Loop Games",0,20,https://play.google.com/store/apps/details?id=com.LoopGames.Solitaire
310,"Mobile App: Solitaire (iTunes App Store), by Mobilityware",0,5,https://itunes.apple.com/us/app/id359917414
311,"Mobile App: Solitaire - Free Classic Solitaire Card Games (Google Play), by Beetles Games Studio",0,6,https://play.google.com/store/apps/details?id=beetles.puzzle.solitaire
312,"Mobile App: Solitaire ‚Äì Classic Klondike (iTunes App Store), by EASYBRAIN LTD",0,6,https://itunes.apple.com/us/app/id1190849728
313,"Mobile App: Sort'n Fill (Google Play), by ZPLAY Games",0,6,https://play.google.com/store/apps/details?id=com.flexi.sortnfill
314,"Mobile App: Space Master 2020 (Google Play), by appNextG",0,6,https://play.google.com/store/apps/details?id=com.appnextg.cleaner
315,"Mobile App: Speak and Translate - Voice Typing with Translator (Google Play), by Innovative World",0,6,https://play.google.com/store/apps/details?id=com.speaktranslate.tts.speechtotext.voicetyping.translator
316,"Mobile App: Speak and Translate All Languages Voice Translator (Google Play), by Dictionary World11",0,6,https://play.google.com/store/apps/details?id=com.speaktranslate.englishalllanguaguestranslator.ivoicetranslation
317,"Mobile App: Speed VPN-Fast, Secure, Free Unlimited Proxy (Google Play), by SPEED VPN",0,6,https://play.google.com/store/apps/details?id=com.app.any.vpn
318,"Mobile App: Spider Solitaire Fun (Google Play), by Top Solitaire Games",0,15,https://play.google.com/store/apps/details?id=com.cardgames.solitaire.fun.free.spider.classic
319,"Mobile App: Spider ‚ñª Solitaire (iTunes App Store), by PeopleFun CG, LLC",0,94,https://itunes.apple.com/us/app/id500962489
320,"Mobile App: Square Fit-Blur Photo Backgroud&Square Pic Editor (Google Play), by Square Photo&Photo Editor Studio",0,15,https://play.google.com/store/apps/details?id=photogrid.photocollagemaker.photoeditor.squarepic
321,"Mobile App: Sticker Maker - Photo Stickers for WAStickerApps (Google Play), by 9D Technology",0,23,https://play.google.com/store/apps/details?id=stickermaker.wastickerapps.newstickers
322,"Mobile App: Stickman Battle (Google Play), by OneSoft Global PTE. LTD.",0,5,https://play.google.com/store/apps/details?id=com.stickman.shadow.battle
323,"Mobile App: Story Saver for Instagram - Story Downloader (Google Play), by InShot Inc.",0,5,https://play.google.com/store/apps/details?id=storysaverforinstagram.storydownloader.instastorysaver
324,"Mobile App: StoryLab - insta story art maker for Instagram (Google Play), by cerdillac",0,5,https://play.google.com/store/apps/details?id=com.cerdillac.storymaker
325,"Mobile App: Subway Run - Train Surfing 3D (Google Play), by SOBS Tech",0,6,https://play.google.com/store/apps/details?id=com.sobs.runner
326,"Mobile App: Sudoku (Google Play), by Evgeny Karavashkin",0,8,https://play.google.com/store/apps/details?id=draziw.karavan.sudoku
327,"Mobile App: Sudoku (Google Play), by Pink Pointer",0,6,https://play.google.com/store/apps/details?id=com.pinkpointer.sudoku
328,"Mobile App: Sudoku (Google Play), by http",0,5,https://play.google.com/store/apps/details?id=com.http.sudoku
329,"Mobile App: Sudoku - Free Classic Sudoku Puzzles (Google Play), by Beetles Games Studio",0,13,https://play.google.com/store/apps/details?id=easy.sudoku.puzzle.solver.free
330,"Mobile App: Sudoku Joy - Free Classic Number Puzzle Games (Google Play), by JoyPuz",0,19,https://play.google.com/store/apps/details?id=com.newsudoku.number.maze
331,"Mobile App: Sudoku Joy -Number Puzzle Game (iTunes App Store), by CHEN HUANG",0,12,https://itunes.apple.com/us/app/id1460985516
332,"Mobile App: Sudoku World - Brainstorming!! (iTunes App Store), by Chaohsien Lee",0,6,https://itunes.apple.com/us/app/id463419280
333,"Mobile App: Sudoku World! (iTunes App Store), by MOBIRIX",0,5,https://itunes.apple.com/us/app/id999708319
334,"Mobile App: Sudoku.com - Brain Games (iTunes App Store), by EASYBRAIN LTD",0,38,https://itunes.apple.com/us/app/id1193508329
335,"Mobile App: Sugar POP - Sweet Match 3 Puzzle (Google Play), by SUPERBOX.INC",0,9,https://play.google.com/store/apps/details?id=com.superbox.aos.sugarpop
336,"Mobile App: Sundar Gutka Audio (Google Play), by onnapps",0,6,https://play.google.com/store/apps/details?id=com.onnapps.sundargutkaaudio
337,"Mobile App: Super Adventure Jungle (Google Play), by PT Studio64",0,6,https://play.google.com/store/apps/details?id=net.superBromax.worldrun
338,"Mobile App: Super Backup & Restore (Google Play), by MobileIdea Studio",0,6,https://play.google.com/store/apps/details?id=com.idea.backup.smscontacts
339,"Mobile App: Super Call Recorder (Google Play), by MeiHillMan",0,27,https://play.google.com/store/apps/details?id=com.meihillman.callrecorder
340,"Mobile App: Super Hero Fighting Incredible Crime Battle (Google Play), by Action Action Games",0,6,https://play.google.com/store/apps/details?id=com.actiongames.incredible.hero.spider.future.fighting
341,"Mobile App: Super Jabber Jump (Google Play), by gameone",0,5,https://play.google.com/store/apps/details?id=com.gameone.jabbersuperjump
342,"Mobile App: Supreme Bubbles (Google Play), by Bubble Shooter Artworks",0,17,https://play.google.com/store/apps/details?id=bubbles.superme
343,"Mobile App: Sweet Fever (Google Play), by Mobileguru",0,13,https://play.google.com/store/apps/details?id=com.mobileguru.sweet.candyfever.free
344,"Mobile App: Sweet Fruit Candy (Google Play), by Juice Candy",0,21,https://play.google.com/store/apps/details?id=com.sweetfuirt.candy
345,"Mobile App: TAMIL - FM AM RADIO (free) (Google Play), by Ase.Mob",0,5,https://play.google.com/store/apps/details?id=com.asemob.radioapp.tamil
346,"Mobile App: TV Remote for Sony (Smart TV Remote Control) (Google Play), by Spikes Labs",0,6,https://play.google.com/store/apps/details?id=roid.spikesroid.sonyy_wifi_remote
347,"Mobile App: TV9 Marathi (Google Play), by Associated Broadcasting Company Private Limited",0,5,https://play.google.com/store/apps/details?id=com.apps.tv9live.tv9marathiliveapp
348,"Mobile App: Tagged - Meet, Chat & Dating (Google Play), by Ifwe Inc.",0,6,https://play.google.com/store/apps/details?id=com.taggedapp
349,"Mobile App: Talking Ben the Dog (Google Play), by Outfit7 Limited",0,5,https://play.google.com/store/apps/details?id=com.outfit7.talkingben
350,"Mobile App: Talking Ginger 2 (Google Play), by Outfit7 Limited",0,6,https://play.google.com/store/apps/details?id=com.outfit7.gingersbirthdayfree
351,"Mobile App: Tambola (Google Play), by DroidVeda LLP",0,6,https://play.google.com/store/apps/details?id=com.bingo.tambola
352,"Mobile App: Tamil Bible (Google Play), by SOFTCRAFT",0,6,https://play.google.com/store/apps/details?id=com.book.tamilbible
353,"Mobile App: Tamil Video Status For whatsapp (Google Play), by Social Video Status 2020",0,5,https://play.google.com/store/apps/details?id=com.tamilvideosongs.toptamilvideosongsstatus
354,"Mobile App: Tap Color Lite - Free Paint by Number for Adults (Google Play), by Puzzle Saga Studio",0,5,https://play.google.com/store/apps/details?id=coloring.color.number.happy.paint.art.drawing.puzzle
355,"Mobile App: Tap Color- Color by Number Art Coloring Game (Google Play), by Puzzle Saga Studio",0,29,https://play.google.com/store/apps/details?id=com.pixel.art.coloring.by.number
356,"Mobile App: Tarun Bharat Marathi Newspaper (Google Play), by Readwhere.com",0,5,https://play.google.com/store/apps/details?id=com.readwhere.whitelabel.tarunbharat
357,"Mobile App: Tasbeeh Counter (Google Play), by Trk Studio",0,5,https://play.google.com/store/apps/details?id=com.trkstudio.tasbeehcounter
358,"Mobile App: Telugu News Cards - Live, Short, Local Telugu News (Google Play), by News Cards",0,5,https://play.google.com/store/apps/details?id=com.newscards.app
359,"Mobile App: Telugu NewsPlus Made in India (Google Play), by Veooz Inc News from top publishers",0,5,https://play.google.com/store/apps/details?id=com.veooz.te
360,"Mobile App: Tile Master - Classic Triple Match & Puzzle Game (Google Play), by Happy Game, Happy Life",0,10,https://play.google.com/store/apps/details?id=com.tilemaster.puzzle.block.match
361,"Mobile App: Tiledom - Matching Games (iTunes App Store), by NANOCRAFT TECH LLP",0,6,https://itunes.apple.com/us/app/id1477300089
362,"Mobile App: Tricky Taps (Google Play), by Crazy Labs by TabTale",0,14,https://play.google.com/store/apps/details?id=com.crazylabs.tricky.traps.game
363,"Mobile App: Trigon : Triangle Block Puzzle Game (Google Play), by IEC Global Pty Ltd",0,6,https://play.google.com/store/apps/details?id=com.DTA.trigon
364,"Mobile App: Truth or Dare - Spin the Bottle (Google Play), by The Rising Techie",0,12,https://play.google.com/store/apps/details?id=com.therisingtechie.truthordare
365,"Mobile App: Two Match: Free Puzzle game to Connect tile pairs (Google Play), by FlinkStudio",0,12,https://play.google.com/store/apps/details?id=com.bigpixy.twomatch
366,"Mobile App: UV Video Status & Slideshow Maker , UVideo Status (Google Play), by UnitedVideos",0,10,https://play.google.com/store/apps/details?id=com.uv.unitedvideos.videostory.photoslideshow
367,"Mobile App: Ultimate Notepad - #1 Notes App with Cloud Sync (Google Play), by Pixatel",0,6,https://play.google.com/store/apps/details?id=com.pixatel.apps.notepad
368,"Mobile App: Unicorn Zipper Lock Screen Wallpaper (Google Play), by Simpatico Labs",0,5,https://play.google.com/store/apps/details?id=com.Simpatico.Unicorn.Zipper.Lock.Screen.Wallpaper
369,"Mobile App: Unknown Free Fire Battleground Epic Survival 2020 (Google Play), by Epic Squad Firing Games",0,6,https://play.google.com/store/apps/details?id=com.funcraftstudios.fire.force.battleground.survival
370,"Mobile App: Uno Friends (Google Play), by Casual Game Company",0,5,https://play.google.com/store/apps/details?id=uno.friends.free.card.ono
371,"Mobile App: VCall - Free Video Calling (Google Play), by Classicdev",0,6,https://play.google.com/store/apps/details?id=com.classicapps.video.chat
372,"Mobile App: Vault - Hide Pics & Videos, App Lock, Free Backup (Google Play), by Wafer Co.",0,6,https://play.google.com/store/apps/details?id=com.netqin.ps
373,"Mobile App: Viber Messenger - Messages, Group Chats & Calls (Google Play), by Viber Media S.√† r.l.",0,5,https://play.google.com/store/apps/details?id=com.viber.voip
374,"Mobile App: Video Call Advice and Live Chat with Video Call (Google Play), by DarTush Inc.",0,5,https://play.google.com/store/apps/details?id=com.dartushinc.videocall
375,"Mobile App: Video Call Recorder for WhatsApp 2020 (Google Play), by Downloading",0,6,https://play.google.com/store/apps/details?id=com.appcorner.videocallrecorder
376,"Mobile App: Video Conference - TeamLink (Google Play), by TeamLink",0,20,https://play.google.com/store/apps/details?id=app.cybrook.teamlink
377,"Mobile App: Video Downloader for Instagram - Repost IG Photo (Google Play), by InShot Inc.",0,11,https://play.google.com/store/apps/details?id=com.popularapp.videodownloaderforinstagram
378,"Mobile App: Video Downloader for Instagram -Save Photo,Instake (Google Play), by Photo Downloader & Video Downloader & Story Saver",0,10,https://play.google.com/store/apps/details?id=com.instagram.video.downloader.instasave.new
379,"Mobile App: Video Editor - Photo Video Status Maker (Google Play), by Yellow Chilly Mobile Apps",0,8,https://play.google.com/store/apps/details?id=com.yellowchillymobileapps.videoeditorphototovideomaker
380,"Mobile App: Voice Recorder (Google Play), by Splend Apps",0,13,https://play.google.com/store/apps/details?id=com.splendapps.vox
381,"Mobile App: Voice recorder - Voz (iTunes App Store), by Hieu Nguyen",0,5,https://itunes.apple.com/us/app/id1336782987
382,"Mobile App: WAstickerApps Horror and Fear Stickers (Google Play), by StickFans",0,5,https://play.google.com/store/apps/details?id=new.WAStickerApps.horror.fear.stickers
383,"Mobile App: WallPapers from Micromax (Google Play), by Micromax Informatics",0,8,https://play.google.com/store/apps/details?id=com.micromaxinfo.wallpapers
384,"Mobile App: Wallpapers 2020 (Google Play), by Nick Suthar",0,15,https://play.google.com/store/apps/details?id=com.ksmobile.launcher.theme.neonlife
385,"Mobile App: Wallpapers HD, 4K Backgrounds (Google Play), by WallpapersCraft | WallCraft",0,7,https://play.google.com/store/apps/details?id=com.wallpaperscraft.wallpaper
386,"Mobile App: Whats Tracker Chat (Google Play), by ITamazons",0,6,https://play.google.com/store/apps/details?id=com.wtchat.app
387,"Mobile App: Wild Deer Hunting Adventure :Animal Shooting Games (Google Play), by SOTEC APPS",0,10,https://play.google.com/store/apps/details?id=com.gz.deer.hunting.shooting
388,"Mobile App: Women Saree  Photo Suit : Royal Traditional Suit (Google Play), by Appwallet Technologies",0,6,https://play.google.com/store/apps/details?id=com.appwallet.sareephotoeditor
389,"Mobile App: Wood Block - Music Box (Google Play), by –≥–æ–ª–æ–≤–æ–ª–æ–º–∫–∞ world studio",0,23,https://play.google.com/store/apps/details?id=puzzle.wood.block.cube.music.box
390,"Mobile App: Wood Block Puzzle (Google Play), by Classic Puzzle Block Game",0,7,https://play.google.com/store/apps/details?id=wood.blockpuzzle.puzzlegame.tetris
391,"Mobile App: Wood Block Puzzle (Google Play), by Fast Fun",0,5,https://play.google.com/store/apps/details?id=com.fastfun.tetris
392,"Mobile App: Wood Block Puzzle Classic (iTunes App Store), by Play Infinity Co., Ltd.",0,5,https://itunes.apple.com/us/app/id1341190782
393,"Mobile App: Wood Block Sudoku Game -Classic Free Brain Puzzle (Google Play), by Beetles Games Studio",0,22,https://play.google.com/store/apps/details?id=block.puzzle.sudoku.free.game.classic.offline
394,"Mobile App: Word Checker for SCRABBLE (Google Play), by Boondoggle Labs",0,7,https://play.google.com/store/apps/details?id=fred.scrabbledictionary
395,"Mobile App: Word Connect - Word Games Puzzle (Google Play), by Magic Word Games",0,28,https://play.google.com/store/apps/details?id=com.crossword.bible.cookies.find.english
396,"Mobile App: Word Cookies!¬Æ (iTunes App Store), by BitMango Corporation",0,6,https://itunes.apple.com/us/app/id1153883316
397,"Mobile App: Word Cross : Best Offline Word Games Free (Google Play), by Brainit Games",0,6,https://play.google.com/store/apps/details?id=cross.word.connect.offline.word.games.wordscapes.puzzle
398,"Mobile App: Word Cross Puzzle: Best Free Offline Word Games (Google Play), by Fantasy Word Games",0,5,https://play.google.com/store/apps/details?id=com.wordscapes.word.cookies.puzzle.wordbrain.collect
399,"Mobile App: Word Find - Word Connect Free Offline Word Games (Google Play), by Fantasy Word Games",0,6,https://play.google.com/store/apps/details?id=best.word.connect.search.free.offline.puzzle.word.games.world
400,"Mobile App: Word Legend Puzzle - Addictive Cross Word Connect (Google Play), by AURORA STUDIOS",0,10,https://play.google.com/store/apps/details?id=com.lydia.wordsgame.word.talent
401,"Mobile App: Word Nature (Google Play), by LazyDog Game",0,6,https://play.google.com/store/apps/details?id=com.hiplay.word.games.wordscapes.nature
402,"Mobile App: Word Search (Google Play), by Melimots",0,6,https://play.google.com/store/apps/details?id=com.melimots.WordSearch
403,"Mobile App: Wynk Music - Songs & Downloads (iTunes App Store), by Bharti Airtel Limited",0,8,https://itunes.apple.com/us/app/id845083955
404,"Mobile App: XOS Launcher(2020)- Customized,Cool,Stylish (Google Play), by Shalltry Group",0,8,https://play.google.com/store/apps/details?id=com.transsion.XOSLauncher
405,"Mobile App: Zomato - Restaurant Finder and Food Delivery App (Google Play), by Zomato",0,6,https://play.google.com/store/apps/details?id=com.application.zomato
406,"Mobile App: Zoom in Profile Photo HD (Google Play), by Azooz",0,5,https://play.google.com/store/apps/details?id=insta.profile.picture.ma
407,"Mobile App: hi5 - meet, chat & flirt (Google Play), by Ifwe Inc.",0,9,https://play.google.com/store/apps/details?id=com.hi5.app
408,"Mobile App: ibis Paint X (iTunes App Store), by ibis inc.",0,11,https://itunes.apple.com/us/app/id450722833
409,"Mobile App: myMail ‚Äì E-mail for Hotmail, Gmail, AOL & Outlook (Google Play), by My.com B.V.",0,5,https://play.google.com/store/apps/details?id=com.my.mail
410,"Mobile App: ‡§ú‡§æ‡§¶‡•Ç ‡§∏‡•Ä‡§ñ‡•á - Magic Tricks Hindi ‡§¨‡•ú‡•Ä ‡§∏‡•ã‡§ö ‡§ï‡§æ ‡§¨‡•ú‡§æ ‡§ú‡§æ‡§¶‡•Ç (Google Play), by Bromium Developers",0,9,https://play.google.com/store/apps/details?id=com.lithiumdevcom.jaadukare
411,"Mobile App: ‚ñª Solitaire (iTunes App Store), by PeopleFun CG, LLC",0,6,https://itunes.apple.com/us/app/id500963785
412,"Mobile App: ‚ñªSudoku (iTunes App Store), by PeopleFun CG, LLC",0,20,https://itunes.apple.com/us/app/id366247306
413,"Mobile App: üëºGlitter Neon Angel Wings Photo Effects Editorüëº (Google Play), by Minjon",0,5,https://play.google.com/store/apps/details?id=com.Minjon.Glitter.Neon.Angel.Wings
414,amarmatka.com,0,7,http://amarmatka.com
415,amarujala.com,0,47,http://amarujala.com
416,articlesvally.com,0,20,http://articlesvally.com
417,beachraider.com,0,6,http://beachraider.com
418,bhaskar.com,0,7,http://bhaskar.com
419,birthdaycake24.com,0,5,http://birthdaycake24.com
420,bollywoodshaadis.com,0,6,http://bollywoodshaadis.com
421,buddymeter.com,0,5,http://buddymeter.com
422,cinemapettai.com,0,5,http://cinemapettai.com
423,dailyforest.com,0,8,http://dailyforest.com
424,dareforyou.me,0,5,http://dareforyou.me
425,deviltechz.com,0,5,http://deviltechz.com
426,digitalbots.ai,0,9,http://digitalbots.ai
427,dinamalar.com,0,8,http://dinamalar.com
428,dudequiz.com,0,11,http://dudequiz.com
429,freebillionairebooks.net,0,8,http://freebillionairebooks.net
430,friendsquiz.site,0,9,http://friendsquiz.site
431,gloriousa.com,0,5,http://gloriousa.com
432,hinkhoj.com,0,5,http://hinkhoj.com
433,indiaspeaks.news,0,10,http://indiaspeaks.news
434,indiatoday.in,0,15,http://indiatoday.in
435,jagran.com,0,5,http://jagran.com
436,jansatta.com,0,18,http://jansatta.com
437,journalistate.com,0,7,http://journalistate.com
438,loksatta.com,0,6,http://loksatta.com
439,ludigames.com,0,7,http://ludigames.com
440,manoramaonline.com,0,12,http://manoramaonline.com
441,mingle2.com,0,5,http://mingle2.com
442,mobileapp::10002-ca-app-pub-1309517987275811,0,7, --
443,mobileapp::10002-ca-app-pub-5192271941401916,0,6, --
444,mobileapp::10002-ca-app-pub-5522781922210310,0,11, --
445,mobileapp::10002-ca-app-pub-7254891749191868,0,5, --
446,mobileapp::2-com.android.providers.downloads.ui,0,12,https://play.google.com/store/apps/details?id=com.android.providers.downloads.ui
447,mobileapp::2-com.android.thememanager,0,48,https://play.google.com/store/apps/details?id=com.android.thememanager
448,mobileapp::2-com.feiji.ad.project,0,7,https://play.google.com/store/apps/details?id=com.feiji.ad.project
449,mobileapp::2-com.hippogames.ludosaga.mi,0,18,https://play.google.com/store/apps/details?id=com.hippogames.ludosaga.mi
450,mobileapp::2-com.patoplayer.patoplayer,0,6,https://play.google.com/store/apps/details?id=com.patoplayer.patoplayer
451,mobileapp::2-com.yudselksdg.asdew,0,6,https://play.google.com/store/apps/details?id=com.yudselksdg.asdew
452,mobileapp::2-tennyaoanlight.light.kaka,0,6,https://play.google.com/store/apps/details?id=tennyaoanlight.light.kaka
453,mtlnovel.com,0,6,http://mtlnovel.com
454,news18.com,0,6,http://news18.com
455,novelhall.com,0,21,http://novelhall.com
456,onlinesattaking.in,0,13,http://onlinesattaking.in
457,oqueachamdevoce.com,0,7,http://oqueachamdevoce.com
458,prabhatkhabar.com,0,10,http://prabhatkhabar.com
459,relrules.com,0,6,http://relrules.com
460,rsgio24.com,0,7,http://rsgio24.com
461,sarkariresult.com,0,6,http://sarkariresult.com
462,satta-kingz.in,0,11,http://satta-kingz.in
463,superfastking.com,0,5,http://superfastking.com
464,swagvideostatus.com,0,6,http://swagvideostatus.com
465,twentytwowords.com,0,9,http://twentytwowords.com
466,wakamics.com,0,8,http://wakamics.com
467,westbengal24x7.com,0,5,http://westbengal24x7.com
468,youtube.com,0,21,http://youtube.com
